{"initial_reset_timestamp": 1503679692.617697, "timestamps": [1503679693.558748], "episode_lengths": [211], "episode_rewards": [1.0], "episode_types": ["t"]}