{"initial_reset_timestamp": 1504067615.8632278, "timestamps": [1504067616.0736322, 1504067616.297319, 1504067616.4139125, 1504067616.5170915, 1504067616.62445, 1504067616.7323282, 1504067616.8421228, 1504067616.9514499, 1504067617.1825318, 1504067617.2957106, 1504067617.4119143, 1504067617.5172489, 1504067617.625147, 1504067617.7280452, 1504067617.8307858, 1504067617.9301386, 1504067618.0327168, 1504067618.1260636, 1504067618.2232637, 1504067618.3143408, 1504067618.4108202, 1504067618.5021634, 1504067618.599175, 1504067618.6906703, 1504067618.8011494, 1504067618.9096212, 1504067619.023683, 1504067619.261468, 1504067619.3746521, 1504067619.4680915, 1504067619.569958, 1504067619.6772094, 1504067619.7899115, 1504067619.8880298, 1504067619.9984741, 1504067620.094221, 1504067620.202777, 1504067620.2975104, 1504067620.3991802, 1504067620.4970522, 1504067620.6046364, 1504067620.7236032], "episode_lengths": [159, 160, 167, 166, 158, 161, 155, 168, 160, 162, 164, 163, 164, 167, 164, 167, 161, 166, 158, 164, 157, 165, 161, 167, 162, 166, 168, 165, 167, 159, 163, 164, 161, 158, 162, 157, 164, 162, 160, 158, 165, 166], "episode_rewards": [0.0, 0.0, 0.0, 0.0, 0.0, 0.0, 0.0, 0.0, 0.0, 0.0, 0.0, 0.0, 0.0, 0.0, 0.0, 0.0, 0.0, 0.0, 0.0, 0.0, 0.0, 0.0, 0.0, 0.0, 0.0, 0.0, 0.0, 0.0, 0.0, 0.0, 0.0, 0.0, 0.0, 0.0, 0.0, 0.0, 0.0, 0.0, 0.0, 0.0, 0.0, 0.0], "episode_types": ["t", "t", "t", "t", "t", "t", "t", "t", "t", "t", "t", "t", "t", "t", "t", "t", "t", "t", "t", "t", "t", "t", "t", "t", "t", "t", "t", "t", "t", "t", "t", "t", "t", "t", "t", "t", "t", "t", "t", "t", "t", "t", "t"]}