{"initial_reset_timestamp": 1504067714.4003394, "timestamps": [1504067719.666638, 1504067723.5564923], "episode_lengths": [313, 233], "episode_rewards": [2.0, 1.0], "episode_types": ["t", "t", "t"]}