{"initial_reset_timestamp": 1502567403.3293936, "timestamps": [1502567404.4283872], "episode_lengths": [15], "episode_rewards": [15.0], "episode_types": ["t", "t"]}