{"initial_reset_timestamp": 1502567639.8136086, "timestamps": [1502567640.5784144], "episode_lengths": [33], "episode_rewards": [33.0], "episode_types": ["t"]}