{"initial_reset_timestamp": 1502058210.6670306, "timestamps": [1502058213.3058016, 1502058220.37822, 1502058223.3686633, 1502058225.7641284, 1502058228.9820583, 1502058232.231051, 1502058234.369383, 1502058237.228565, 1502058243.5512972, 1502058246.7268848, 1502058248.5752144, 1502058251.268682, 1502058253.748154, 1502058257.4541929, 1502058259.7130013, 1502058262.4006033, 1502058264.662777, 1502058268.9483917, 1502058270.9054456, 1502058272.9649465, 1502058274.970747, 1502058277.102676, 1502058278.5980198, 1502058280.842481, 1502058284.7891223, 1502058287.944049, 1502058290.592781, 1502058295.3748755, 1502058299.5304518, 1502058301.1482484, 1502058304.8847415, 1502058306.8500655, 1502058310.1938694, 1502058314.6642687, 1502058316.239975, 1502058318.7519157, 1502058321.1316352, 1502058326.1235044, 1502058328.1141477, 1502058330.0758038, 1502058333.383501, 1502058335.519362, 1502058338.4676526, 1502058340.9070837, 1502058345.9653952, 1502058349.1242428, 1502058350.8500316, 1502058354.1517127, 1502058356.184226, 1502058358.2676504, 1502058361.3094177, 1502058363.634649, 1502058366.3136067, 1502058370.7575366, 1502058377.005049, 1502058378.5168216, 1502058381.0321362, 1502058383.9559538, 1502058389.0282784, 1502058391.814954, 1502058395.138775, 1502058398.7599258, 1502058401.1330757, 1502058403.560763, 1502058406.6228704, 1502058409.8992248, 1502058412.7297304, 1502058414.314074, 1502058416.0617955, 1502058420.9828017, 1502058424.6332498, 1502058426.857385, 1502058429.377548, 1502058431.1623752, 1502058434.0862126, 1502058440.0366757, 1502058441.9664245, 1502058445.337887, 1502058447.5368266, 1502058451.583001, 1502058453.1903477, 1502058456.1151128, 1502058458.3883724, 1502058460.9130416, 1502058462.7890213, 1502058467.6160395, 1502058472.2363508, 1502058478.8308387, 1502058482.5955806, 1502058485.2888298, 1502058488.721852, 1502058493.2378883, 1502058499.3606803, 1502058501.2480805, 1502058505.1011698, 1502058507.2421763, 1502058510.6316895, 1502058515.7587743, 1502058519.0106647, 1502058521.9777422, 1502058523.8127751, 1502058526.6997807, 1502058529.6596658, 1502058538.5206249, 1502058543.4994485], "episode_lengths": [372, 1304, 790, 607, 718, 835, 543, 732, 1080, 787, 471, 683, 611, 972, 592, 704, 508, 1056, 483, 505, 521, 525, 372, 546, 1029, 810, 675, 785, 1076, 380, 960, 507, 856, 1091, 397, 604, 596, 1111, 432, 502, 712, 396, 617, 493, 696, 727, 417, 745, 476, 496, 710, 560, 512, 682, 970, 401, 607, 671, 739, 624, 686, 862, 592, 637, 513, 749, 694, 389, 448, 1155, 858, 499, 624, 426, 640, 749, 456, 842, 567, 507, 379, 656, 527, 505, 430, 744, 905, 985, 761, 625, 705, 1112, 646, 387, 761, 411, 688, 492, 722, 657, 390, 560, 511, 997, 850], "episode_rewards": [45.0, 225.0, 210.0, 210.0, 130.0, 185.0, 155.0, 120.0, 385.0, 180.0, 90.0, 135.0, 135.0, 310.0, 55.0, 105.0, 65.0, 165.0, 120.0, 10.0, 55.0, 55.0, 75.0, 180.0, 620.0, 135.0, 135.0, 265.0, 525.0, 65.0, 265.0, 60.0, 185.0, 315.0, 15.0, 135.0, 105.0, 405.0, 55.0, 80.0, 215.0, 75.0, 70.0, 105.0, 150.0, 150.0, 90.0, 110.0, 110.0, 105.0, 135.0, 110.0, 120.0, 135.0, 265.0, 90.0, 105.0, 170.0, 95.0, 120.0, 210.0, 140.0, 70.0, 105.0, 60.0, 180.0, 155.0, 80.0, 80.0, 320.0, 215.0, 30.0, 105.0, 80.0, 210.0, 155.0, 90.0, 215.0, 75.0, 105.0, 80.0, 115.0, 75.0, 35.0, 55.0, 155.0, 125.0, 140.0, 180.0, 125.0, 120.0, 515.0, 105.0, 55.0, 110.0, 45.0, 120.0, 75.0, 365.0, 120.0, 55.0, 110.0, 45.0, 235.0, 165.0], "episode_types": ["t", "t", "t", "t", "t", "t", "t", "t", "t", "t", "t", "t", "t", "t", "t", "t", "t", "t", "t", "t", "t", "t", "t", "t", "t", "t", "t", "t", "t", "t", "t", "t", "t", "t", "t", "t", "t", "t", "t", "t", "t", "t", "t", "t", "t", "t", "t", "t", "t", "t", "t", "t", "t", "t", "t", "t", "t", "t", "t", "t", "t", "t", "t", "t", "t", "t", "t", "t", "t", "t", "t", "t", "t", "t", "t", "t", "t", "t", "t", "t", "t", "t", "t", "t", "t", "t", "t", "t", "t", "t", "t", "t", "t", "t", "t", "t", "t", "t", "t", "t", "t", "t", "t", "t", "t"]}