{"initial_reset_timestamp": 1502055974.833681, "timestamps": [1502055984.8969746, 1502055991.8293164, 1502055997.0096533, 1502056001.4701815, 1502056006.336728, 1502056010.7204487, 1502056015.5437703, 1502056019.9886138, 1502056026.437175, 1502056031.804742, 1502056036.136421, 1502056040.6980877, 1502056044.9355698, 1502056049.1238158, 1502056053.6616135, 1502056057.6192186, 1502056062.2168434, 1502056066.7277036, 1502056072.398429, 1502056077.139477, 1502056082.6025422, 1502056086.992759, 1502056092.0242167, 1502056096.8930736, 1502056101.439459, 1502056105.6341484, 1502056109.836395, 1502056114.418732, 1502056119.039533, 1502056124.1843903, 1502056128.6010897, 1502056134.0809247, 1502056139.1574507, 1502056143.2839496, 1502056147.4177997, 1502056151.9410167, 1502056156.2434518, 1502056161.0160897, 1502056166.0189066, 1502056170.9547677, 1502056177.2968843, 1502056184.0832353, 1502056188.4347277, 1502056193.7772079, 1502056200.9680614, 1502056205.608657, 1502056210.008111, 1502056214.731958, 1502056219.389187, 1502056224.577917, 1502056229.4677312, 1502056233.4720821, 1502056237.8998065, 1502056244.9371626, 1502056249.0820775, 1502056253.6457264, 1502056258.6172345, 1502056263.5415282, 1502056271.449783, 1502056275.9782019, 1502056280.0563433, 1502056286.9482548, 1502056291.5835855, 1502056297.0249066, 1502056303.5439327, 1502056308.1414149, 1502056314.037683, 1502056318.523225, 1502056323.9104686, 1502056329.4845128, 1502056333.9414039, 1502056338.6906412, 1502056342.6255035, 1502056346.67271, 1502056354.3529336, 1502056358.4058754, 1502056364.942185, 1502056369.8515918, 1502056374.8797157, 1502056382.5966322, 1502056387.2045476, 1502056392.2967749, 1502056396.7677493, 1502056403.2398694, 1502056408.1915512, 1502056412.148057, 1502056417.6417038, 1502056425.951224, 1502056430.769975, 1502056435.732796, 1502056439.9169862, 1502056448.9420874, 1502056452.9431133, 1502056457.6651275, 1502056462.9079058, 1502056467.0021312, 1502056472.3751428, 1502056478.417223, 1502056483.0061433, 1502056487.3011231, 1502056493.106718, 1502056497.5960708, 1502056505.7370055, 1502056509.8968694, 1502056513.87697], "episode_lengths": [1273, 1357, 1311, 1211, 1355, 1162, 1260, 1114, 1221, 1403, 1166, 1185, 1090, 1116, 1189, 1052, 1252, 1174, 1542, 1309, 1419, 1159, 1253, 1218, 1162, 1133, 1146, 1018, 1202, 1341, 1142, 1296, 1327, 1111, 1100, 1239, 1149, 1232, 1316, 1291, 1289, 1579, 1124, 1373, 1312, 1204, 1136, 1264, 1228, 1341, 1215, 1019, 1168, 1043, 1082, 1188, 1282, 1274, 1470, 1069, 1031, 1031, 1225, 1394, 1274, 1255, 1043, 1204, 1464, 1469, 1183, 1279, 1017, 1091, 1278, 1094, 1200, 1322, 1268, 1291, 1257, 1354, 1172, 1621, 1280, 1022, 1504, 1189, 1128, 1234, 1113, 1431, 1065, 1256, 1364, 1034, 1101, 1121, 1200, 1099, 1554, 1134, 1366, 1131, 1052], "episode_rewards": [-19.0, -20.0, -21.0, -21.0, -19.0, -20.0, -19.0, -21.0, -20.0, -20.0, -21.0, -20.0, -21.0, -21.0, -20.0, -21.0, -20.0, -21.0, -18.0, -21.0, -21.0, -20.0, -20.0, -20.0, -20.0, -21.0, -20.0, -21.0, -20.0, -21.0, -20.0, -20.0, -19.0, -20.0, -21.0, -20.0, -20.0, -19.0, -20.0, -21.0, -21.0, -19.0, -20.0, -19.0, -19.0, -21.0, -21.0, -19.0, -21.0, -19.0, -20.0, -21.0, -20.0, -21.0, -21.0, -20.0, -20.0, -21.0, -20.0, -21.0, -21.0, -21.0, -20.0, -20.0, -20.0, -21.0, -21.0, -20.0, -19.0, -18.0, -21.0, -20.0, -21.0, -21.0, -20.0, -21.0, -20.0, -20.0, -21.0, -20.0, -21.0, -21.0, -20.0, -18.0, -20.0, -21.0, -18.0, -21.0, -21.0, -19.0, -21.0, -18.0, -21.0, -21.0, -20.0, -21.0, -21.0, -20.0, -20.0, -21.0, -17.0, -21.0, -20.0, -21.0, -21.0], "episode_types": ["t", "t", "t", "t", "t", "t", "t", "t", "t", "t", "t", "t", "t", "t", "t", "t", "t", "t", "t", "t", "t", "t", "t", "t", "t", "t", "t", "t", "t", "t", "t", "t", "t", "t", "t", "t", "t", "t", "t", "t", "t", "t", "t", "t", "t", "t", "t", "t", "t", "t", "t", "t", "t", "t", "t", "t", "t", "t", "t", "t", "t", "t", "t", "t", "t", "t", "t", "t", "t", "t", "t", "t", "t", "t", "t", "t", "t", "t", "t", "t", "t", "t", "t", "t", "t", "t", "t", "t", "t", "t", "t", "t", "t", "t", "t", "t", "t", "t", "t", "t", "t", "t", "t", "t", "t"]}