{"initial_reset_timestamp": 1504067162.0938158, "timestamps": [1504067162.289118, 1504067162.4767606, 1504067162.5103216, 1504067162.5122294, 1504067162.513951, 1504067162.5155208, 1504067162.5170615, 1504067162.518588, 1504067162.6893663, 1504067162.7282012, 1504067162.73014, 1504067162.7318544, 1504067162.7333844, 1504067162.734914, 1504067162.7364771, 1504067162.738061, 1504067162.7397938, 1504067162.7414336, 1504067162.7432966, 1504067162.744887, 1504067162.7464573, 1504067162.7480388, 1504067162.7497816, 1504067162.7515292, 1504067162.7531323, 1504067162.7547026, 1504067162.756279, 1504067162.923108, 1504067162.9551995, 1504067162.957018, 1504067162.9587388, 1504067162.9612153, 1504067162.9630256, 1504067162.9648433, 1504067162.966718, 1504067162.968403, 1504067162.9702303, 1504067162.9720786, 1504067162.973981, 1504067162.975874, 1504067162.977361, 1504067162.9792068, 1504067162.9821756, 1504067162.9840088, 1504067162.9858215, 1504067162.9876056, 1504067162.9893863, 1504067162.9908247, 1504067162.9927711, 1504067162.9948182, 1504067162.9967504, 1504067162.9983814, 1504067163.0002835, 1504067163.0021536, 1504067163.0040324, 1504067163.0058527, 1504067163.0078125, 1504067163.0103443, 1504067163.0121899, 1504067163.0138857, 1504067163.015836, 1504067163.0173023, 1504067163.0189066, 1504067163.0205197, 1504067163.173244, 1504067163.2071767, 1504067163.2105045, 1504067163.2119699, 1504067163.215514, 1504067163.2171013, 1504067163.2186332, 1504067163.2202456, 1504067163.2221975, 1504067163.224009, 1504067163.2269177, 1504067163.2306628, 1504067163.2329404, 1504067163.2347364, 1504067163.2368953, 1504067163.2386138, 1504067163.2403636, 1504067163.243722, 1504067163.2477949, 1504067163.2504098, 1504067163.2520742, 1504067163.2536924, 1504067163.2554033, 1504067163.2573137, 1504067163.260302, 1504067163.2653222, 1504067163.2672489, 1504067163.2691267, 1504067163.2711556, 1504067163.2729006, 1504067163.2746062, 1504067163.2785728, 1504067163.2822118, 1504067163.2844338, 1504067163.2862186, 1504067163.288049, 1504067163.2898064, 1504067163.2915902, 1504067163.2943306, 1504067163.2951868, 1504067163.2960777, 1504067163.3028815, 1504067163.3050292, 1504067163.3074486, 1504067163.3138232, 1504067163.316204, 1504067163.316756, 1504067163.3172574, 1504067163.3178895, 1504067163.3184414, 1504067163.3188996, 1504067163.3213935, 1504067163.323026, 1504067163.3246052, 1504067163.3284197, 1504067163.3339353, 1504067163.3360174, 1504067163.337786, 1504067163.3393724, 1504067163.341261, 1504067163.3476183, 1504067163.503026, 1504067163.540253, 1504067163.5420148, 1504067163.5441165, 1504067163.545827, 1504067163.5478737, 1504067163.550127, 1504067163.5519323, 1504067163.553905, 1504067163.555897, 1504067163.5582795, 1504067163.5600667, 1504067163.5620089, 1504067163.5640833, 1504067163.566495, 1504067163.5688767, 1504067163.5709708, 1504067163.573372, 1504067163.575797, 1504067163.5782845, 1504067163.5802379, 1504067163.582518, 1504067163.584551, 1504067163.5869324, 1504067163.5891929, 1504067163.5914059, 1504067163.5932252, 1504067163.595518, 1504067163.5976427, 1504067163.6001284, 1504067163.6022573, 1504067163.6050928, 1504067163.607483, 1504067163.6099699, 1504067163.6124966, 1504067163.6149, 1504067163.617512, 1504067163.6197271, 1504067163.6218967, 1504067163.6244307, 1504067163.6267715, 1504067163.6285994, 1504067163.6308584, 1504067163.6330903, 1504067163.6359308, 1504067163.6382055, 1504067163.6408112, 1504067163.643234, 1504067163.6456952, 1504067163.6481013, 1504067163.6504977, 1504067163.6529028, 1504067163.6554532, 1504067163.6587534, 1504067163.6627643, 1504067163.665029, 1504067163.6675124, 1504067163.6693268, 1504067163.6711445, 1504067163.6734369, 1504067163.6756854, 1504067163.6783185, 1504067163.6808422, 1504067163.683098, 1504067163.685303, 1504067163.6875312, 1504067163.6901023, 1504067163.6921237, 1504067163.6945162, 1504067163.698617, 1504067163.7009423, 1504067163.7049854, 1504067163.70738, 1504067163.7133791, 1504067163.7161722, 1504067163.7185137, 1504067163.7207825, 1504067163.7253911, 1504067163.7295146, 1504067163.731288, 1504067163.7328973, 1504067163.7345474, 1504067163.7387872, 1504067163.7412546, 1504067163.7444348, 1504067163.7474647, 1504067163.7491834, 1504067163.751085, 1504067163.7529213, 1504067163.7547686, 1504067163.756438, 1504067163.9215996, 1504067163.9619765, 1504067163.9627974, 1504067163.9645312, 1504067163.9662046, 1504067163.9678922, 1504067163.9692652, 1504067163.9709494, 1504067163.9724948, 1504067163.9740827, 1504067163.977667, 1504067163.9795718, 1504067163.9811654, 1504067163.9827292, 1504067163.9843373, 1504067163.9860554, 1504067163.9879363, 1504067163.9897275, 1504067163.9911373, 1504067163.993058, 1504067163.9948668, 1504067163.9965148, 1504067163.9983099, 1504067164.0001154, 1504067164.0017457, 1504067164.003558, 1504067164.005196, 1504067164.006843, 1504067164.0084887, 1504067164.0101333, 1504067164.011773, 1504067164.0137467, 1504067164.0153913, 1504067164.0173607, 1504067164.0189953, 1504067164.0208066, 1504067164.022615, 1504067164.024259, 1504067164.0260706, 1504067164.0280561, 1504067164.0297112, 1504067164.031529, 1504067164.0333412, 1504067164.0349884, 1504067164.0366395, 1504067164.03828, 1504067164.040095, 1504067164.0417304, 1504067164.04354, 1504067164.045182, 1504067164.0468197, 1504067164.0486293, 1504067164.050272, 1504067164.052087, 1504067164.0537276, 1504067164.055712, 1504067164.0573525, 1504067164.0589912, 1504067164.060648, 1504067164.06246, 1504067164.0642977, 1504067164.0661094, 1504067164.0677655, 1504067164.0695798, 1504067164.071394, 1504067164.0732038, 1504067164.0748463, 1504067164.076656, 1504067164.0782897, 1504067164.079927, 1504067164.0823138, 1504067164.084492, 1504067164.0866508, 1504067164.08859, 1504067164.0909967, 1504067164.0929418, 1504067164.0948756, 1504067164.097028, 1504067164.0992026, 1504067164.1013515, 1504067164.1035132, 1504067164.105442, 1504067164.1077, 1504067164.1100836, 1504067164.1126528, 1504067164.1150172, 1504067164.1171854, 1504067164.11936, 1504067164.1216502, 1504067164.122199, 1504067164.1281273, 1504067164.130898, 1504067164.1337886, 1504067164.1354015, 1504067164.1372387, 1504067164.1387732, 1504067164.1407275, 1504067164.1426158, 1504067164.1463811, 1504067164.148688, 1504067164.1509507, 1504067164.1532652, 1504067164.1558316, 1504067164.1584117, 1504067164.1605928, 1504067164.1626139, 1504067164.1651385, 1504067164.1670861, 1504067164.169493, 1504067164.1731377, 1504067164.1753528, 1504067164.1790824, 1504067164.1813312, 1504067164.1835256, 1504067164.186434, 1504067164.188836, 1504067164.1909666, 1504067164.1934066, 1504067164.195585, 1504067164.1979856, 1504067164.2003994, 1504067164.2025578, 1504067164.204944, 1504067164.2074227, 1504067164.209587, 1504067164.2126703, 1504067164.2150905, 1504067164.389348, 1504067164.4271748, 1504067164.4289463, 1504067164.4308395, 1504067164.43233, 1504067164.4338796, 1504067164.4356594, 1504067164.4373024, 1504067164.4390857, 1504067164.4410894, 1504067164.4427063, 1504067164.4444041, 1504067164.4462378, 1504067164.4482598, 1504067164.4497674, 1504067164.4514384, 1504067164.4532714, 1504067164.4550607, 1504067164.4571407, 1504067164.4589458, 1504067164.461557, 1504067164.4640915, 1504067164.4665203, 1504067164.468698, 1504067164.47121, 1504067164.4731412, 1504067164.4752607, 1504067164.4776459, 1504067164.479835, 1504067164.4823687, 1504067164.4845285, 1504067164.4868956, 1504067164.489482, 1504067164.4933405, 1504067164.496866, 1504067164.4992733, 1504067164.500924, 1504067164.5027916, 1504067164.504416, 1504067164.5062468, 1504067164.5079265, 1504067164.5097573, 1504067164.5115397, 1504067164.5130813, 1504067164.514927, 1504067164.516607, 1504067164.5185862, 1504067164.5218823, 1504067164.5256364, 1504067164.5279822, 1504067164.5287836, 1504067164.5293236, 1504067164.5304234, 1504067164.532773, 1504067164.5351777, 1504067164.5398655, 1504067164.5419164, 1504067164.5437863, 1504067164.5472436, 