{"initial_reset_timestamp": 1503673071.488938, "timestamps": [1503673075.8776717, 1503673076.9654827, 1503673077.5123136, 1503673077.91836, 1503673078.5321808, 1503673079.007716, 1503673079.464075, 1503673079.9725053, 1503673080.590185, 1503673081.0419068, 1503673081.438743, 1503673081.997883, 1503673082.4270692, 1503673082.9267576, 1503673083.3628082, 1503673083.8387873, 1503673084.341985, 1503673084.790336, 1503673085.2201886, 1503673085.6838708], "episode_lengths": [242, 398, 348, 181, 461, 267, 241, 315, 229, 213, 167, 377, 204, 301, 215, 270, 305, 228, 200, 249], "episode_rewards": [1.0, 4.0, 3.0, 0.0, 5.0, 2.0, 1.0, 2.0, 1.0, 1.0, 0.0, 4.0, 1.0, 3.0, 1.0, 2.0, 2.0, 1.0, 1.0, 2.0], "episode_types": ["t", "t", "t", "t", "t", "t", "t", "t", "t", "t", "t", "t", "t", "t", "t", "t", "t", "t", "t", "t"]}